{
    "MC_GamJet_2016Pre_GJetsHT600ToInf": 1.0,
    "MC_GamJet_2018_GJetsHT100To200": 1.0,
    "MC_GamJet_2018_GJetsHT600ToInf": 1.0,
    "MC_GamJet_2018_QCDHT700to1000": 1.0,
    "MC_ZeeJet_2016Pre_DYJetsToLLM50": 16995.66112861378,
    "MC_ZeeJet_2018_DYJetsToLLM50": 16998.65577661237,
    "MC_ZmmJet_2018_DYJetsToLLM50": 16998.65577661237
}