{
    "MC_ZeeJet_2016Pre_DYJetsToLLM50": 16995.66112861378,
    "MC_ZmmJet_2018_DYJetsToLLM50": 16998.65577661237
}